{
    "filename": "enemy_boss01_448x256_all.png",
    "data" : {
        "base" : {
            "x":"0", "y":"0",
            "w":"448", "h":"256",
            "ox":224, "oy":160,
            "px":0, "py":0
        },
        "core" : {
            "x":"448", "y":"0",
            "w":"64", "h":"64",
            "ox":32, "oy":32,
            "px":0, "py":0
        },
        "corering" : {
            "x":"448", "y":"64",
            "w":"64", "h":"64",
            "ox":32, "oy":32,
            "px":0, "py":0
        },
        "gun_l" : {
            "x":"448", "y":"128",
            "w":"64", "h":"64",
            "ox":22, "oy":32,
            "px":-104, "py":16
        },
        "gun_r" : {
            "x":"448", "y":"128",
            "w":"64", "h":"64",
            "ox":22, "oy":32,
            "px":104, "py":16
        }
    }
}
